month,orders,delivered_orders,delivered_gmv_brl,avg_order_gmv_brl,gmv_mom_pct,canceled_pct,late_pct
2017-01-01,800,750,111798.36,149.06,,0.38,2.93
2017-02-01,1780,1653,234223.40,141.70,109.51,0.96,2.96
2017-03-01,2682,2546,359198.85,141.08,53.36,1.23,4.56
2017-04-01,2404,2303,340669.68,147.92,-5.16,0.75,6.56
2017-05-01,3700,3546,489338.25,138.00,43.64,0.78,2.99
2017-06-01,3245,3135,421923.37,134.58,-13.78,0.49,3.03
2017-07-01,4026,3872,481604.52,124.38,14.15,0.70,2.79
2017-08-01,4331,4193,554699.70,132.29,15.18,0.62,2.91
2017-09-01,4285,4150,607399.67,146.36,9.50,0.47,4.39
2017-10-01,4631,4478,648247.65,144.76,6.73,0.56,4.18
2017-11-01,7544,7289,987765.37,135.51,52.37,0.49,12.40
2017-12-01,5673,5513,726033.19,131.69,-26.50,0.19,7.46
2018-01-01,7269,7069,924645.00,130.80,27.36,0.47,5.70
2018-02-01,6728,6555,826437.13,126.08,-10.62,1.09,14.13
2018-03-01,7211,7003,953356.25,136.14,15.36,0.36,18.96
2018-04-01,6939,6798,973534.09,143.21,2.12,0.22,4.50
2018-05-01,6873,6749,977544.69,144.84,0.41,0.35,6.56
2018-06-01,6167,6099,856077.86,140.36,-12.43,0.29,1.16
2018-07-01,6292,6159,867953.46,140.92,1.39,0.65,3.38
2018-08-01,6512,6351,838576.64,132.04,-3.38,1.29,6.19
