category,item_rows,orders,delivered_gmv_brl,freight_brl,gmv_rank,gmv_share_pct,freight_to_gmv_pct
health_beauty,9422,8610,1229557.50,178202.28,1,9.33,14.49
watches_gifts,5855,5491,1163465.91,98073.50,2,8.83,8.43
bed_bath_table,10945,9267,1022955.77,201646.91,3,7.76,19.71
sports_leisure,8414,7513,952840.40,162925.75,4,7.23,17.10
computers_accessories,7632,6518,888055.59,143806.34,5,6.74,16.19
furniture_decor,8095,6258,706237.17,167193.40,6,5.36,23.67
housewares,6783,5734,614341.62,142508.09,7,4.66,23.20
cool_stuff,3711,3552,609158.00,81286.01,8,4.62,13.34
auto,4132,3802,577838.39,90265.09,9,4.38,15.62
garden_tools,4263,3443,469135.40,96545.09,10,3.56,20.58
toys,4006,3782,467179.98,75289.55,11,3.54,16.12
baby,2971,2800,399050.67,66159.43,12,3.03,16.58
perfumery,3311,3060,385315.55,52540.88,13,2.92,13.64
telephony,4422,4086,309631.94,69236.43,14,2.35,22.36
office_furniture,1662,1248,266853.43,66770.38,15,2.02,25.02
stationery,2466,2264,223788.69,45786.36,16,1.70,20.46
computers,199,177,218684.14,9665.62,17,1.66,4.42
pet_shop,1920,1684,211005.96,38832.38,18,1.60,18.40
musical_instruments,651,611,184315.74,17871.38,19,1.40,9.70
small_appliances,658,609,182754.12,15354.35,20,1.39,8.40
unknown,1535,1390,170660.74,26939.03,21,1.29,15.79
electronics,2728,2516,154935.94,45667.36,22,1.18,29.47
fashion_bags_accessories,1976,1812,148945.19,30420.50,23,1.13,20.42
consoles_games,1082,1011,144384.01,18928.36,24,1.10,13.11
construction_tools_construction,916,736,142108.49,20273.52,25,1.08,14.27
luggage_accessories,1077,1019,138701.63,30076.49,26,1.05,21.68
home_appliances_2,231,227,107953.95,10254.57,27,0.82,9.50
home_construction,596,483,81407.57,13614.80,28,0.62,16.72
home_appliances,754,747,78832.48,14469.30,29,0.60,18.35
agro_industry_and_commerce,206,177,70566.10,5637.20,30,0.54,7.99
furniture_living_room,495,414,67350.70,17694.37,31,0.51,26.27
home_confort,429,392,58008.45,8429.77,32,0.44,14.53
fixed_telephony,250,207,54610.33,4431.76,33,0.41,8.12
air_conditioning,281,242,51974.27,6376.67,34,0.39,12.27
audio,360,346,50413.61,5658.68,35,0.38,11.22
small_appliances_home_oven_and_coffee,73,72,46589.56,2656.34,36,0.35,5.70
kitchen_dining_laundry_garden_furniture,274,241,45531.98,11540.99,37,0.35,25.35
books_general_interest,537,496,45302.15,8880.39,38,0.34,19.60
construction_tools_lights,301,242,39957.00,7490.14,39,0.30,18.75
construction_tools_safety,183,159,38773.22,3730.80,40,0.29,9.62
industry_commerce_and_business,261,229,38139.21,7506.57,41,0.29,19.68
food,498,440,28651.25,7047.20,42,0.22,24.60
market_place,294,269,26880.48,5091.95,43,0.20,18.94
costruction_tools_garden,232,190,25096.28,5187.66,44,0.19,20.67
art,197,195,23657.30,3828.23,45,0.18,16.18
fashion_shoes,256,234,22971.47,4802.41,46,0.17,20.91
drinks,361,287,21529.84,5441.27,47,0.16,25.27
signaling_and_security,197,138,21315.05,6477.54,48,0.16,30.39
furniture_bedroom,103,90,19051.80,4327.42,49,0.14,22.71
books_technical,263,256,18702.23,4198.84,50,0.14,22.45
costruction_tools_tools,103,97,15903.95,2030.22,51,0.12,12.77
food_drink,269,221,14942.88,4394.89,52,0.11,29.41
fashion_male_clothing,124,105,10427.43,2051.66,53,0.08,19.68
fashion_underwear_beach,127,117,9305.95,1854.07,54,0.07,19.92
christmas_supplies,150,125,8737.84,3190.91,55,0.07,36.52
tablets_printing_image,83,79,7528.41,1226.20,56,0.06,16.29
cine_photo,70,63,6674.47,1227.71,57,0.05,18.39
music,38,38,6034.35,690.51,58,0.05,11.44
dvds_blu_ray,61,56,4542.59,1227.25,59,0.03,27.02
party_supplies,42,38,4465.19,820.19,60,0.03,18.37
books_imported,57,50,4418.86,732.08,61,0.03,16.57
furniture_mattress_and_upholstery,37,37,4323.38,1581.37,62,0.03,36.58
portateis_cozinha_e_preparadores_de_alimentos,14,13,3933.63,294.42,63,0.03,7.48
fashio_female_clothing,44,35,2580.04,568.77,64,0.02,22.05
fashion_sport,29,26,2094.52,563.03,65,0.02,26.88
la_cuisine,14,13,2054.99,333.55,66,0.02,16.23
arts_and_craftmanship,24,23,1814.01,370.13,67,0.01,20.40
diapers_and_hygiene,36,24,1365.89,529.31,68,0.01,38.75
pc_gamer,8,7,1306.95,123.15,69,0.01,9.42
flowers,33,29,1110.04,488.87,70,0.01,44.04
home_comfort_2,30,24,760.27,410.31,71,0.01,53.97
cds_dvds_musicals,14,12,730.00,224.99,72,0.01,30.82
fashion_childrens_clothes,7,7,519.95,78.72,73,0.00,15.14
security_and_services,2,2,283.29,41.22,74,0.00,14.55
