customer_state,delivered_orders,eligible_orders,late_orders,late_pct,avg_delivery_days,p90_delivery_days
AL,396,396,85,21.46,24.52,39.61
MA,713,713,125,17.53,21.54,34.24
SE,332,332,51,15.36,21.44,35.43
PI,475,475,66,13.89,19.44,30.10
CE,1273,1273,176,13.83,21.24,34.66
BA,3253,3253,396,12.17,19.33,31.83
RJ,12310,12310,1495,12.14,15.30,29.08
PA,942,942,106,11.25,23.76,39.33
ES,1992,1992,214,10.74,15.78,25.35
PB,516,516,54,10.47,20.39,34.92
TO,274,274,27,9.85,17.66,27.95
MS,701,701,68,9.70,15.62,24.65
PE,1587,1587,153,9.64,18.45,30.95
RN,470,470,44,9.36,19.21,32.64
SC,3537,3537,291,8.23,14.95,25.76
GO,1950,1950,128,6.56,15.61,24.83
RS,5328,5327,325,6.10,15.29,25.87
MT,885,885,53,5.99,18.07,27.77
DF,2074,2074,118,5.69,12.94,21.57
MG,11319,11319,519,4.59,11.98,20.15
SP,40406,40399,1817,4.50,8.74,15.70
PR,4903,4903,199,4.06,11.97,20.10
RO,243,243,7,2.88,19.37,29.53
AM,145,145,4,2.76,26.43,39.13
