seller_id,eligible_orders,late_orders,delivered_gmv_brl,late_pct,reviewed_orders,avg_review_score,seller_state,late_volume_rank
4a3ca9315b744ce9f8e9374361493884,1673,168,186461.42,10.04,1655,3.91,SP,1
1f50f920176fa81dab994f9023523100,1364,124,103410.10,9.09,1359,4.18,SP,2
4869f7a5dfa277a7dca6462dcf3b52b2,1111,118,224323.74,10.62,1103,4.18,SP,3
ea8482cd71df3c1969d7b9473ff13abc,1116,96,36054.95,8.60,1110,4.05,SP,4
6560211a19b47992c3666cc44a7e94c0,1788,95,119007.83,5.31,1774,4.00,SP,5
7c67e1448b00f6e969d365cea6b010ab,963,89,184660.71,9.24,957,3.51,SP,6
cc419e0650a3c5ba77189a1882b7556a,1646,87,100811.01,5.29,1642,4.15,SP,7
da8622b14eb17ae2831f4ac5b9dab84a,1272,85,154716.87,6.68,1267,4.22,SP,8
8b321bb669392f5163d04c59e235e066,917,80,17020.79,8.72,913,4.12,SP,9
955fee9216a65b617aa5c0531780ce60,1252,77,131222.93,6.15,1244,4.21,SP,10
06a2c3af7b3aee5d69171b0e14f0ee87,388,74,36030.99,19.07,384,4.02,MA,11
1025f0e2d44d7041d6cf58b6550e0bfa,879,72,133542.16,8.19,872,4.04,SP,12
7d13fca15225358621be4086e1eb0964,548,64,110331.60,11.68,545,4.08,SP,13
620c87c171fb2a6dd6e8bb4dec959fc6,694,63,107022.30,9.08,688,4.30,RJ,14
7a67c85e85bb2ce8582c35f2203ad736,1120,60,136727.94,5.36,1112,4.32,SP,15
3d871de0142ce09b7081e2b9d1733cb1,1044,58,92121.00,5.56,1033,4.21,SP,16
fa1c13f2614d7b5c4749cbc52fecda94,566,53,188786.35,9.36,562,4.39,SP,17
8160255418d5aaa7dbdc9f4c64ebda44,355,51,42466.49,14.37,351,4.03,SP,18
1835b56ce799e6a4dc4eddc053f04066,375,43,28868.77,11.47,372,3.77,SP,19
88460e8ebdecbfecb5f9601833981930,227,42,28445.90,18.50,226,3.51,PR,20
391fc6631aebcf3004804e51b40bcf1e,484,42,36483.57,8.68,482,4.11,SP,20
e9779976487b77c6d4ac45f75ec7afe9,631,39,41225.05,6.18,628,4.29,SP,21
855668e0971d4dfd7bef1b6a4133b41b,296,38,30623.23,12.84,292,3.88,SP,22
4e922959ae960d389249c378d1c939f5,410,37,45139.42,9.02,406,3.97,SP,23
a1043bafd471dff536d0c462352beb48,694,35,98130.31,5.04,692,4.29,MG,24
e5a3438891c0bfdb9394643f95273d8e,213,34,7478.56,15.96,212,4.01,SP,25
1900267e848ceeba8fa32d80c1a5f5a8,359,33,22044.84,9.19,354,3.97,SP,26
218d46b86c1881d022bce9c68a7d4b15,371,33,52434.31,8.89,370,4.21,SP,26
16090f2ca825584b5a147ab24aa30c86,397,32,25551.16,8.06,395,4.09,SP,27
cca3071e3e9bb7d12640c9fbe2301306,657,32,58478.64,4.87,646,3.97,SP,27
897060da8b9a21f655304d50fd935913,297,31,20307.61,10.44,294,3.74,SP,28
8581055ce74af1daba164fdbd55a40de,375,31,63359.62,8.27,374,4.32,SP,28
f7ba60f8c3f99e7ee4042fdef03b70c4,213,30,67237.00,14.08,213,4.26,SP,29
77530e9772f57a62c906e1c21538ab82,296,29,43956.00,9.80,296,4.21,PR,30
70a12e78e608ac31179aea7f8422044b,307,29,29616.53,9.45,305,3.80,SP,30
46dc3b2cc0980fb8ec44634e21d2718e,490,29,119686.51,5.92,485,4.32,RJ,30
f8db351d8c4c4c22c6835c19a46f01b0,646,28,49675.10,4.33,643,4.29,SP,31
7ddcbb64b5bc1ef36ca8c151f6ec77df,324,27,54265.67,8.33,321,4.03,SP,32
d2374cbcbb3ca4ab1086534108cc3ab7,489,27,19121.34,5.52,485,3.86,SP,32
fe2032dab1a61af8794248c8196565c9,288,26,64733.81,9.03,284,4.42,SP,33
c826c40d7b19f62a09e2d7c5e7295ee2,344,26,44407.06,7.56,343,4.14,SP,33
7aa4334be125fcdd2ba64b3180029f14,211,25,15665.21,11.85,210,4.14,SP,34
c3867b4666c7d76867627c2f7fb22e21,221,25,33961.90,11.31,220,4.10,SP,34
634964b17796e64304cadf1ad3050fb7,257,25,37788.30,9.73,257,4.12,RJ,34
ef506c96320abeedfb894c34db06f478,309,25,9369.75,8.09,307,3.98,SP,34
4c2b230173bb36f9b240f2b8ac11786e,253,24,14199.18,9.49,249,3.99,SP,35
7142540dd4c91e2237acb7e911c4eba2,311,23,36502.44,7.40,309,4.07,SP,36
b2ba3715d723d245138f291a6fe42594,319,22,48917.78,6.90,316,4.24,SP,37
53e4c6e0f4312d4d2107a8c9cddf45cd,444,22,28419.98,4.95,443,4.14,SP,37
128639473a139ac0f3e5f5ade55873a5,520,22,11645.55,4.23,514,4.23,PR,37
2eb70248d66e0e3ef83659f71b244378,185,21,38850.92,11.35,182,2.78,SP,38
d91fb3b7d041e83b64a00a3edfb37e4f,524,20,39926.39,3.82,520,4.14,SP,39
cd68562d3f44870c08922d380acae552,122,19,18119.70,15.57,121,4.02,SP,40
2c9e548be18521d1c43cde1c582c6de8,123,19,5923.66,15.45,121,4.12,SP,40
7ad32824caee82087b3e2e5f33b1bf32,140,19,21296.20,13.57,137,3.93,SP,40
b499c00f28f4b7069ff6550af8c1348a,140,19,9747.26,13.57,140,4.25,SP,40
8f2ce03f928b567e3d56181ae20ae952,151,19,21213.20,12.58,150,4.15,SP,40
17e34d8224d27a541263c4c64b11a56b,246,19,54272.36,7.72,244,4.26,SP,40
1ca7077d890b907f89be8c954a02686a,106,18,12324.64,16.98,105,2.39,SP,41
7e1fb0a3ebfb01ffb3a7dae98bf3238d,154,18,26073.53,11.69,152,4.18,SP,41
37515688008a7a40ac93e3b2e4ab203f,221,18,5820.90,8.14,219,4.13,SP,41
5dceca129747e92ff8ef7a997dc4f8ca,317,18,108079.13,5.68,313,4.03,SP,41
2138ccb85b11a4ec1e37afbd1c8eda1f,372,18,11534.66,4.84,371,3.98,SP,41
b33e7c55446eabf8fe1a42d037ac7d6d,146,17,43666.38,11.64,146,4.22,SP,42
0dd184061fb0eaa7ca37932c68ab91c5,156,17,17816.92,10.90,155,4.06,SP,42
a416b6a846a11724393025641d4edd5e,157,17,24930.24,10.83,157,4.22,SP,42
431af27f296bc6519d890aa5a05fdb11,114,16,12747.00,14.04,113,3.84,SP,43
2e90cb1677d35cfe24eef47d441b7c87,126,16,13879.91,12.70,126,4.11,SP,43
7d76b645482be4a332374e8223836592,168,16,3675.96,9.52,166,4.01,SP,43
e9bc59e7b60fc3063eb2290deda4cced,200,16,32566.50,8.00,200,4.11,PR,43
7040e82f899a04d1b434b795a43b4617,203,16,9104.20,7.88,201,3.64,SP,43
fa40cc5b934574b62717c68f3d678b6d,298,16,15553.09,5.37,297,4.48,SP,43
92eb0f42c21942b6552362b9b114707d,328,16,6300.90,4.88,326,4.04,SP,43
9f505651f4a6abe901a56cdc21508025,390,16,25818.86,4.10,387,4.38,SP,43
dd7ddc04e1b6c2c614352b383efe2d36,114,15,8796.12,13.16,113,3.92,SP,44
8b28d096634035667e8263d57ba3368c,135,15,8819.12,11.11,133,4.06,SP,44
522620dcb18a6b31cd7bdf73665113a9,167,15,55823.69,8.98,164,3.91,PR,44
54a1852d1b8f10312c55e906355666ee,197,15,16996.47,7.61,196,4.37,SP,44
1554a68530182680ad5c8b042c3ab563,237,15,28267.91,6.33,235,4.36,MG,44
7e93a43ef30c4f03f38b393420bc753a,314,15,162763.52,4.78,313,4.39,SP,44
c31eff8334d6b3047ed34bebd4d62c36,116,14,12512.64,12.07,115,3.90,SP,45
59b22a78efb79a4797979612b885db36,123,14,27117.70,11.38,122,4.00,MG,45
f262cbc1c910c83959f849465454ddd3,188,14,10139.87,7.45,187,4.18,SP,45
d1c281d3ae149232351cd8c8cc885f0d,192,14,23944.83,7.29,191,3.94,SP,45
dc4a0fc896dc34b0d5bfec8438291c80,211,14,21610.78,6.64,211,3.87,SP,45
c70c1b0d8ca86052f45a432a38b73958,258,14,36068.51,5.43,256,4.38,SP,45
7299e27ed73d2ad986de7f7c77d919fa,330,14,33881.49,4.24,330,4.43,MG,45
4d6d651bd7684af3fffabd5f08d12e5a,357,14,42479.70,3.92,356,4.26,SP,45
a673821011d0cec28146ea42f5ab767f,116,13,12321.93,11.21,113,4.14,SP,46
cfb1a033743668a192316f3c6d1d2671,128,13,11142.50,10.16,127,4.24,SP,46
e9d99831abad74458942f21e16f33f92,129,13,4883.49,10.08,128,3.95,SP,46
9c0e69c7bf2619675bbadf47b43f655a,137,13,29815.61,9.49,136,4.28,SP,46
cbd996ad3c1b7dc71fd0e5f5df9087e2,159,13,8160.53,8.18,156,4.21,SP,46
f45122a9ab94eb4f3f8953578bc0c560,179,13,21505.38,7.26,179,4.01,SP,46
8d956fec2e4337affcb520f56fd8cbfd,208,13,10887.22,6.25,208,4.24,SP,46
4b9750c8ad28220fe6702d4ecb7c898f,214,13,15667.70,6.07,214,4.37,SP,46
76d5af76d0271110f9af36c92573f765,122,12,30218.40,9.84,121,4.17,SP,47
de23c3b98a88888289c6f5cc1209054a,157,12,25237.79,7.64,157,4.31,SP,47
edb1ef5e36e0c8cd84eb3c9b003e486d,163,12,78325.60,7.36,163,4.45,RJ,47
ccc4bbb5f32a6ab2b7066a4130f114e3,181,12,71848.82,6.63,180,4.36,PR,47
001cca7ae9ae17fb1caed9dfb1094831,194,12,24347.13,6.19,191,4.08,ES,47
1da3aeb70d7989d1e6d9b0e887f97c23,254,12,8562.65,4.72,253,4.17,SP,47
87142160b41353c4e5fca2360caf6f92,301,12,30662.28,3.99,300,4.42,RS,47
de722cd6dad950a92b7d4f82673f8833,335,12,55006.40,3.58,334,4.32,PE,47
53243585a1d6dc2643021fd1853d8905,348,12,217940.44,3.45,346,4.19,BA,47
a3e9a2c700480d9bb01fba070ba80a0e,118,11,12501.80,9.32,117,4.07,SP,48
25c5c91f63607446a97b143d2d535d31,147,11,50621.77,7.48,146,3.95,MG,48
66922902710d126a0e7d26b0e3805106,148,11,14152.30,7.43,147,4.52,MG,48
f457c46070d02cadd8a68551231220dd,169,11,16343.00,6.51,169,4.08,PR,48
0241d4d5d36f10f80c644447315af0bd,224,11,29404.60,4.91,223,4.46,PR,48
a3a38f4affed601eb87a97788c949667,244,11,25466.13,4.51,242,4.45,SC,48
85d9eb9ddc5d00ca9336a2219c97bb13,496,11,15035.30,2.22,493,4.24,MG,48
c9c7905cffc4ef9ff9f113554423e671,125,10,10557.20,8.00,125,4.15,SP,49
ef0ace09169ac090589d85746e3e036f,125,10,15750.60,8.00,125,4.42,RJ,49
00ee68308b45bc5e2660cd833c3f81cc,130,10,19454.00,7.69,129,4.33,SP,49
48436dade18ac8b2bce089ec2a041202,132,10,11692.31,7.58,132,4.14,SP,49
213b25e6f54661939f11710a6fddb871,135,10,13481.65,7.41,134,4.09,SP,49
0be8ff43f22e456b4e0371b2245e4d01,150,10,10960.80,6.67,150,4.09,SP,49
004c9cd9d87a3c30c522c48c4fc07416,155,10,19451.74,6.45,153,4.14,SP,49
2e1c9f22be269ef4643f826c9e650a52,159,10,12063.76,6.29,158,4.28,SP,49
c003204e1ab016dfa150abc119207b24,194,10,24815.39,5.15,194,4.48,SP,49
4830e40640734fc1c52cd21127c341d4,197,10,9125.53,5.08,197,4.25,SP,49
ceaec5548eefc6e23e6607c5435102e7,197,10,51426.18,5.08,194,4.20,SP,49
dbc22125167c298ef99da25668e1011f,383,10,31795.28,2.61,382,4.35,MG,49
e5a38146df062edaf55c38afa99e42dc,118,9,15161.10,7.63,117,3.99,SP,50
6a8b085f816a1f75f92dbac6eb545f8f,123,9,5812.37,7.32,123,4.17,SP,50
6d66611d7c44cc30ce351abc49a68421,160,9,13125.00,5.63,158,3.97,SP,50
0c8380b62e38e8a1e6adbeba7eb9688c,169,9,16365.20,5.33,168,4.11,MG,50
5656537e588803a555b8eb41f07a944b,169,9,7859.59,5.33,169,3.91,DF,50
41b39e28db005d9731d9d485a83b4c38,176,9,15615.45,5.11,176,4.23,SP,50
850f4f8af5ea87287ac68de36e29107f,182,9,44465.50,4.95,179,4.34,SP,50
1c129092bf23f28a5930387c980c0dfc,185,9,8815.52,4.86,184,4.36,SP,50
6edacfd9f9074789dad6d62ba7950b9c,196,9,12495.40,4.59,196,4.46,SP,50
42b729f859728f5079499127a9c2ef37,101,8,4039.06,7.92,100,4.51,SP,51
f5a590cf36251cf1162ea35bef76fe84,113,8,51232.78,7.08,113,4.27,SP,51
3c7c4a49ec3c6550809089c6a2ca9370,135,8,3766.96,5.93,135,3.71,SP,51
813348c996469b40f2e028d5429d3495,170,8,10694.73,4.71,167,4.08,SP,51
562fc2f2c2863ab7e79a9e4388a58a14,248,8,8390.33,3.23,246,4.26,SP,51
70eea00b476a314817cefde4aad4f89a,104,7,31191.75,6.73,103,4.41,SP,52
17a053fcb14bd219540cbde0df490be0,122,7,39883.44,5.74,120,4.31,SP,52
59fb871bf6f4522a87ba567b42dafecf,122,7,21068.61,5.74,122,4.30,SP,52
01fdefa7697d26ad920e9e0346d4bd1b,127,7,14730.63,5.51,126,4.37,PR,52
669ae81880e08f269a64487cfb287169,159,7,13043.88,4.40,158,4.30,SC,52
9b013e03b2ab786505a1d3b5c0756754,167,7,8546.57,4.19,166,4.25,SP,52
7178f9f4dd81dcef02f62acdf8151e01,202,7,36795.40,3.47,201,4.06,SC,52
37be5a7c751166fbc5f8ccba4119e043,269,7,54735.55,2.60,266,4.33,SP,52
0adac9fbd9a2b63cccaac4f8756c1ca8,103,6,14809.79,5.83,103,4.15,SP,53
dd2bdf855a9172734fbc3744021ae9b9,103,6,10267.20,5.83,99,3.86,MG,53
f4aba7c0bca51484c30ab7bdc34bcdd1,106,6,2877.30,5.66,106,3.94,SP,53
18a349e75d307f4b4cc646a691ed4216,107,6,7294.21,5.61,106,3.65,SP,53
f80edd2c5aaa505cc4b0a3b219abf4b8,110,6,8262.10,5.45,109,4.25,SP,53
bfd27a966d91cfaafdb25d076585f0da,114,6,19225.00,5.26,113,4.32,SP,53
7008613ea464bad5cb9b83456e1e6a8f,122,6,7498.80,4.92,121,4.27,SC,53
79ebd9a61bac3eaf882805ed4ecfa12a,122,6,14029.19,4.92,122,4.20,PR,53
2528513dd95219a6013d4d05176e391a,147,6,30867.40,4.08,144,4.14,SP,53
537eb890efff034a88679788b647c564,148,6,4281.20,4.05,148,4.31,RJ,53
0b90b6df587eb83608a64ea8b390cf07,158,6,27652.04,3.80,157,4.07,PR,53
1a3df491d1c4f1589fc2b934ada68bf2,160,6,22472.40,3.75,160,4.28,SC,53
95e03ca3d4146e4011985981aeb959b9,168,6,10706.27,3.57,166,4.05,RJ,53
640e21a7d01df7614a3b4923e990d40c,105,5,6856.97,4.76,105,4.41,SP,54
1b4c3a6f53068f0b6944d2d005c9fc89,108,5,14051.21,4.63,107,4.27,SC,54
080102cd0a76b09e0dcf55fcacc60e05,120,5,5521.87,4.17,120,4.54,MG,54
5a8e7d5003a1f221f9e1d6e411de7c23,125,5,10213.60,4.00,125,4.21,SP,54
710e3548e02bc1d2831dfc4f1b5b14d4,127,5,21847.37,3.94,126,3.43,PR,54
aafe36600ce604f205b86b5084d3d767,127,5,9083.70,3.94,127,4.40,SC,54
0db783cfcd3b73998abc6e10e59a102f,128,5,8809.40,3.91,127,4.24,SP,54
db4350fd57ae30082dec7acbaacc17f9,128,5,3098.47,3.91,127,4.24,SP,54
1c68394e931a64f90ea236c5ea590300,132,5,23744.92,3.79,132,4.00,PR,54
44073f8b7e41514de3b7815dd0237f4f,141,5,18270.74,3.55,140,3.74,DF,54
36a968b544695394e4e9d7572688598f,146,5,6838.71,3.42,146,3.74,SP,54
b76dba6c951ab00dc4edf0a1aa88037e,157,5,2545.31,3.18,155,4.22,SP,54
dbb9b48c841a0e39e21f98e1a6b2ec3e,103,4,6699.17,3.88,103,4.30,SP,55
c33847515fa6305ce6feb1e818569f13,108,4,14838.93,3.70,108,3.90,SC,55
1e8b33f18b4f7598d87f5cbee2282cc2,117,4,16576.37,3.42,115,4.47,SP,55
8a32e327fe2c1b3511609d81aaf9f042,123,4,5901.16,3.25,122,3.98,SP,55
7722b1df1b0e383e000397b2c11e3e19,126,4,6784.30,3.17,126,4.28,SP,55
2a84855fd20af891be03bc5924d2b453,153,4,14744.10,2.61,152,4.38,MG,55
d98eec89afa3380e14463da2aabaea72,164,4,6833.56,2.44,163,4.41,RS,55
86ccac0b835037332a596a33b6949ee1,169,4,15345.10,2.37,169,4.27,SC,55
cab85505710c7cb9b720bceb52b01cee,197,4,10900.00,2.03,196,4.35,SP,55
c3cfdc648177fdbbbb35635a37472c53,273,4,42455.58,1.47,272,4.51,PR,55
25e6ffe976bd75618accfe16cefcbd0d,102,3,11309.24,2.94,102,4.51,SP,56
aaed1309374718fdd995ee4c58c9dfcd,102,3,9095.35,2.94,102,4.08,SC,56
b4ffb71f0cb1b1c3d63fad021ecf93e1,139,3,6426.97,2.16,139,4.28,SP,56
5cf13accae3222c70a9cac40818ae839,142,3,13769.70,2.11,141,4.56,MG,56
e26901d5ab434ce92fd9b5c256820a4e,196,3,11568.60,1.53,196,4.20,SP,56
33a6f4b1e7cdc205511e76ba1b6e0186,100,2,9803.03,2.00,100,4.46,SP,57
6c7d50c24b3ccd2fd83b44d8bb34e073,102,2,7612.66,1.96,102,4.60,SP,57
289cdb325fb7e7f891c38608bf9e0962,103,2,12898.15,1.94,103,4.64,SP,57
1127b7f2594683f2510f1c2c834a486b,108,2,6577.80,1.85,108,4.24,SP,57
229c3efbfb0ea2058de4ccdfbc3d784a,117,2,15404.00,1.71,116,3.65,MG,57
ce27a3cc3c8cc1ea79d11e561e9bebb6,118,2,9334.55,1.69,113,4.21,SP,57
259f7b5e6e482c230e5bfaa670b6bb8f,132,2,8116.54,1.52,131,4.41,SP,57
6cd68b3ed6d59aaa9fece558ad360c0a,145,2,10973.87,1.38,145,4.46,MG,57
0ea22c1cfbdc755f86b9b54b39c16043,216,2,9749.10,0.93,213,4.53,MG,57
8c16d1f32a54d92897cc437244442e1b,103,1,5365.33,0.97,102,4.38,SC,58
612170e34b97004b3ba37eae81836b4c,106,1,22972.52,0.94,106,4.43,RS,58
17ca9b9e9b9ef8fdb529001b49ebb50f,112,1,9527.95,0.89,112,4.08,MG,58
0bae85eb84b9fb3bd773911e89288d54,130,1,7193.99,0.77,130,4.32,SP,58
12b9676b00f60f3b700e83af21824c0e,133,1,26376.00,0.75,132,4.55,RS,58
fc906263ca5083d09dce42fe02247800,111,0,4378.00,0.00,111,4.40,MG,59
